update,frames,FPS,duration,rreturn_mean,rreturn_std,rreturn_min,rreturn_max,num_frames_mean,num_frames_std,num_frames_min,num_frames_max,entropy,value,policy_loss,value_loss,grad_norm,return_mean,return_std,return_min,return_max
1,2048,345.2514974141712,5,0.0,0.0,0,0,0.0,0.0,0,0,1.9374400228261948,-0.032718969974666834,-0.006030363350873813,0.00033135313060483895,0.012282224470246303,0.0,0.0,0,0
update,frames,FPS,duration,rreturn_mean,rreturn_std,rreturn_min,rreturn_max,num_frames_mean,num_frames_std,num_frames_min,num_frames_max,entropy,value,policy_loss,value_loss,grad_norm,return_mean,return_std,return_min,return_max
2,4096,368.59089853319017,11,0.0,0.0,0.0,0.0,30.9375,64.6059872902659,0.0,180.0,1.9251221418380737,0.0011505024740472436,-0.03179008816368878,0.009477441664785147,0.05146985093160337,0.1875,0.3903123748998999,0.0,1.0
update,frames,FPS,duration,rreturn_mean,rreturn_std,rreturn_min,rreturn_max,num_frames_mean,num_frames_std,num_frames_min,num_frames_max,entropy,value,policy_loss,value_loss,grad_norm,return_mean,return_std,return_min,return_max
3,6144,374.6288830862886,16,0.0,0.0,0.0,0.0,71.8125,115.81084726289676,0.0,351.0,1.9185220897197723,0.011034104689315427,-0.008369768955162726,0.0037192119343671948,0.02651010019639717,0.3125,0.46351240544347894,0.0,1.0
update,frames,FPS,duration,rreturn_mean,rreturn_std,rreturn_min,rreturn_max,num_frames_mean,num_frames_std,num_frames_min,num_frames_max,entropy,value,policy_loss,value_loss,grad_norm,return_mean,return_std,return_min,return_max
4,8192,375.5750612587702,22,0.0,0.0,0.0,0.0,96.375,137.60126952539355,0.0,393.0,1.9330664277076721,0.01061915303580463,0.0029692919088120107,0.00013183940973249264,0.007062465998021189,0.375,0.4841229182759271,0.0,1.0
update,frames,FPS,duration,rreturn_mean,rreturn_std,rreturn_min,rreturn_max,num_frames_mean,num_frames_std,num_frames_min,num_frames_max,entropy,value,policy_loss,value_loss,grad_norm,return_mean,return_std,return_min,return_max
5,10240,372.41092090551774,27,0.0625,0.24206145913796356,0.0,1.0,203.0,208.03935925684831,0.0,640.0,1.9320719242095947,0.05401461897417903,-0.03822155552916229,0.013158702699001878,0.044105793959883274,0.625,0.4841229182759271,0.0,1.0
update,frames,FPS,duration,rreturn_mean,rreturn_std,rreturn_min,rreturn_max,num_frames_mean,num_frames_std,num_frames_min,num_frames_max,entropy,value,policy_loss,value_loss,grad_norm,return_mean,return_std,return_min,return_max
6,12288,374.50850690125463,33,0.0625,0.24206145913796356,0.0,1.0,262.8125,213.14438145011002,0.0,640.0,1.936830312013626,0.06878084177151322,0.0009979700698750094,0.0032459804642712697,0.03135311074820296,0.75,0.4330127018922193,0.0,1.0
update,frames,FPS,duration,rreturn_mean,rreturn_std,rreturn_min,rreturn_max,num_frames_mean,num_frames_std,num_frames_min,num_frames_max,entropy,value,policy_loss,value_loss,grad_norm,return_mean,return_std,return_min,return_max
7,14336,364.9903592097605,39,0.125,0.33071891388307384,0.0,1.0,343.375,213.1451603367996,0.0,656.0,1.9349194169044495,0.08732460532337427,-0.01866657822392881,0.010262219817377627,0.041076171939722225,0.9375,0.24206145913796356,0.0,1.0
update,frames,FPS,duration,rreturn_mean,rreturn_std,rreturn_min,rreturn_max,num_frames_mean,num_frames_std,num_frames_min,num_frames_max,entropy,value,policy_loss,value_loss,grad_norm,return_mean,return_std,return_min,return_max
8,16384,375.50149248772726,44,0.125,0.33071891388307384,0.0,1.0,459.9375,278.20641364596537,42.0,1021.0,1.9362233877182007,0.06485447473824024,0.010887023410759866,0.0002634018219396239,0.010324610043105108,1.0,0.0,1.0,1.0
update,frames,FPS,duration,rreturn_mean,rreturn_std,rreturn_min,rreturn_max,num_frames_mean,num_frames_std,num_frames_min,num_frames_max,entropy,value,policy_loss,value_loss,grad_norm,return_mean,return_std,return_min,return_max
9,18432,372.7239084117962,49,0.125,0.33071891388307384,0.0,1.0,534.625,286.29527480382905,42.0,1037.0,1.9346203058958054,0.06966864224523306,-0.006624522939091548,0.006170695356559008,0.033725910730371275,1.0,0.0,1.0,1.0
update,frames,FPS,duration,rreturn_mean,rreturn_std,rreturn_min,rreturn_max,num_frames_mean,num_frames_std,num_frames_min,num_frames_max,entropy,value,policy_loss,value_loss,grad_norm,return_mean,return_std,return_min,return_max
10,20480,371.15553358659093,55,0.1875,0.3903123748998999,0.0,1.0,584.3125,340.0106098987942,42.0,1280.0,1.9365732669830322,0.06589659722521901,0.002057808786048554,0.0036793010658584535,0.014398781955206082,1.0,0.0,1.0,1.0
11,22528,376.0912625891379,60,0.1875,0.3903123748998999,0.0,1.0,624.25,351.1428662239915,42.0,1280.0,1.9402136206626892,0.060916023794561625,0.011194135760888457,7.82696270107408e-05,0.005179044907238632,1.0,0.0,1.0,1.0
12,24576,371.94367214426813,66,0.25,0.4330127018922193,0.0,1.0,684.625,329.10786130841666,42.0,1280.0,1.9394948780536652,0.07199940923601389,-0.014270745421526954,0.007345649239141494,0.029003016551812866,1.0,0.0,1.0,1.0
13,26624,367.95914945530706,72,0.25,0.4330127018922193,0.0,1.0,825.0625,432.54674151327276,42.0,1612.0,1.9414421766996384,0.07141251629218459,0.0030964387115091085,0.002564350899774581,0.02797160352988255,1.0,0.0,1.0,1.0
14,28672,364.8655265756863,77,0.3125,0.46351240544347894,0.0,1.0,877.9375,381.5814901089281,259.0,1612.0,1.935740813612938,0.06881322246044874,-0.015680936514399946,0.007437222346197814,0.028486917646447292,1.0,0.0,1.0,1.0
15,30720,373.2284858317869,83,0.3125,0.46351240544347894,0.0,1.0,770.875,444.9605143998735,139.0,1612.0,1.9358882904052734,0.07633455377072096,0.0038253402744885534,0.003026431913895067,0.025593073219843963,1.0,0.0,1.0,1.0
16,32768,370.6659144550926,88,0.375,0.4841229182759271,0.0,1.0,828.125,540.6438147015094,139.0,2022.0,1.9228565394878387,0.0991251366212964,-0.00918346268008463,0.005744587077060714,0.04642824350490734,1.0,0.0,1.0,1.0
17,34816,372.02743773051316,94,0.3125,0.46351240544347894,0.0,1.0,899.1875,515.1224634431603,139.0,2022.0,1.9369982481002808,0.06423654360696673,0.012537704315036535,0.0004358238948043436,0.011866370292605302,1.0,0.0,1.0,1.0
18,36864,377.58191587753714,99,0.375,0.4841229182759271,0.0,1.0,845.375,517.4968447971446,139.0,2022.0,1.9387660026550293,0.06521719414740801,0.009248026297427714,0.000484236223201151,0.008719463711345705,1.0,0.0,1.0,1.0
19,38912,371.4881331991007,105,0.4375,0.49607837082461076,0.0,1.0,670.9375,563.1249271642572,54.0,2022.0,1.9311240017414093,0.09061543457210064,-0.03654865315183997,0.014417754369787872,0.051503105072920136,1.0,0.0,1.0,1.0
20,40960,372.5240715482379,110,0.375,0.4841229182759271,0.0,1.0,673.125,704.6495472041404,54.0,2485.0,1.938644900918007,0.06814421247690916,0.004350193485151976,0.0031567297119181603,0.018231234309614347,1.0,0.0,1.0,1.0
21,43008,374.1079196767195,116,0.4375,0.49607837082461076,0.0,1.0,764.1875,728.8266442328725,54.0,2485.0,1.941286861896515,0.05650611640885472,0.010209443513303995,9.605085415387293e-05,0.0046252557918303565,1.0,0.0,1.0,1.0
22,45056,372.11183748318444,121,0.4375,0.49607837082461076,0.0,1.0,696.3125,672.5313857685379,54.0,2485.0,1.9363490641117096,0.06039056275039911,0.001681109206401743,0.0029100027459207922,0.015492925323302405,1.0,0.0,1.0,1.0
23,47104,374.5530550375677,127,0.5,0.5,0.0,1.0,737.625,716.3479317866423,54.0,2485.0,1.9337292164564133,0.06850548926740885,-0.005981928643450374,0.006676859658909962,0.018752053385449302,1.0,0.0,1.0,1.0
24,49152,376.030495210981,132,0.5,0.5,0.0,1.0,817.75,747.2582803154476,54.0,2485.0,1.9378959834575653,0.04632811667397618,0.009435759566258639,0.00011063671263400465,0.005367608959762371,1.0,0.0,1.0,1.0
25,51200,369.28320174670995,138,0.5625,0.49607837082461076,0.0,1.0,850.125,725.1170487410981,74.0,2485.0,1.9408944100141525,0.04295658087357879,0.007606442202813923,2.2611257691096398e-05,0.002365560597211311,1.0,0.0,1.0,1.0
26,53248,369.74991337283274,143,0.4375,0.49607837082461076,0.0,1.0,855.6875,690.3289721891657,93.0,2485.0,1.9354512691497803,0.0544464704580605,-0.011626657476881519,0.007808437803760171,0.02946259018151417,1.0,0.0,1.0,1.0
27,55296,378.4250855361747,149,0.4375,0.49607837082461076,0.0,1.0,1040.75,705.6523134660581,123.0,2485.0,1.9380837976932526,0.06368636712431908,-0.016980688902549446,0.007315315888263285,0.033252677252899904,1.0,0.0,1.0,1.0
28,57344,371.1740090831595,154,0.5,0.5,0.0,1.0,1081.3125,622.8251880293137,306.0,2130.0,1.9318143129348755,0.05184044362977147,-0.009258147154469043,0.0057144104212056845,0.021558315374691186,1.0,0.0,1.0,1.0
29,59392,372.15910646474316,160,0.5625,0.49607837082461076,0.0,1.0,1078.125,605.5523176200385,190.0,2130.0,1.9399205297231674,0.048503545578569174,-0.005384540039813146,0.0056221887352876365,0.02007853807341442,1.0,0.0,1.0,1.0
30,61440,375.2911572472748,165,0.625,0.4841229182759271,0.0,1.0,932.3125,568.5411945002314,190.0,2130.0,1.9400202929973602,0.07040365785360336,-0.004706274950876832,0.003988073207437992,0.024430394864542952,1.0,0.0,1.0,1.0
31,63488,372.75350694724096,171,0.625,0.4841229182759271,0.0,1.0,938.5625,570.8731217124782,142.0,2130.0,1.9311187863349915,0.08512953296303749,-0.005726606585085392,0.0073039663839153945,0.03479275984833542,1.0,0.0,1.0,1.0
32,65536,368.2374159156252,176,0.6875,0.46351240544347894,0.0,1.0,828.1875,596.6323426899936,56.0,2130.0,1.918162688612938,0.1058001285418868,-0.014496852527372539,0.011329157336149365,0.04514733653363936,1.0,0.0,1.0,1.0
33,67584,361.8949211768744,182,0.5625,0.49607837082461076,0.0,1.0,808.5625,618.5156595380184,56.0,2566.0,1.9168802946805954,0.09496333729475737,-0.006740493816323578,0.00762589240912348,0.031718574180045554,1.0,0.0,1.0,1.0
34,69632,364.525894266486,187,0.5,0.5,0.0,1.0,742.4375,595.4752271033195,56.0,2566.0,1.9363529235124588,0.06030655838549137,0.002443667995976284,0.0020690666715381667,0.020306590158053108,1.0,0.0,1.0,1.0
35,71680,353.0530916568562,193,0.5,0.5,0.0,1.0,753.75,600.69392164396,56.0,2566.0,1.9164694100618362,0.0771774547174573,-0.021068841917440295,0.008728994464036077,0.03320988310946703,1.0,0.0,1.0,1.0
36,73728,360.09622951224446,199,0.625,0.4841229182759271,0.0,1.0,753.5625,590.0186404629518,203.0,2566.0,1.9166784286499023,0.10896376054733992,-0.034186224453151226,0.010155558469705284,0.043418396686517424,1.0,0.0,1.0,1.0
37,75776,369.94984329124014,205,0.625,0.4841229182759271,0.0,1.0,753.5625,590.0186404629518,203.0,2566.0,1.939648985862732,0.0708207469433546,0.010873962484765798,0.0003648725978564471,0.00581086012238596,1.0,0.0,1.0,1.0
38,77824,377.8516787585256,210,0.6875,0.46351240544347894,0.0,1.0,728.625,584.907564812595,203.0,2566.0,1.9374955594539642,0.0999197131022811,-0.007442321802955121,0.006816774257458746,0.02302317922402348,1.0,0.0,1.0,1.0
39,79872,376.7451059166186,215,0.875,0.33071891388307384,0.0,1.0,572.3125,400.61978838263843,149.0,1663.0,1.9396962374448776,0.08892783802002668,-0.003499871105304919,0.0029145513544790447,0.020665235931656808,1.0,0.0,1.0,1.0
40,81920,379.58594202701937,221,0.8125,0.3903123748998999,0.0,1.0,637.25,382.68190119209976,149.0,1663.0,1.9392598569393158,0.07751461211591959,0.006114892545156181,0.004657998550101183,0.028747637236366086,1.0,0.0,1.0,1.0
41,83968,376.7327136040315,226,0.75,0.4330127018922193,0.0,1.0,597.875,387.7479650172261,149.0,1663.0,1.9381659477949142,0.09609608631581068,0.0030740781367057934,0.005944556964095682,0.03469908687943936,1.0,0.0,1.0,1.0
42,86016,368.3669995889182,232,0.6875,0.46351240544347894,0.0,1.0,634.375,385.21615279606334,149.0,1663.0,1.9370192289352417,0.10526430699974298,-0.011043446909752674,0.00695360844838433,0.030937426457680307,1.0,0.0,1.0,1.0
43,88064,366.44658908576383,237,0.75,0.4330127018922193,0.0,1.0,714.5625,453.7603950255575,149.0,1788.0,1.9398849457502365,0.11545994970947504,-0.02096677280496806,0.011419703369028866,0.04290844232089483,1.0,0.0,1.0,1.0
44,90112,382.37862110637445,243,0.625,0.4841229182759271,0.0,1.0,779.0625,433.3482244035967,214.0,1788.0,1.9374487847089767,0.11335435137152672,-0.007139289285987616,0.005610086605884135,0.02528424776270132,1.0,0.0,1.0,1.0
45,92160,373.66109411498434,248,0.5625,0.49607837082461076,0.0,1.0,756.6875,437.86937532071136,214.0,1788.0,1.9307191967964172,0.11450400948524475,0.00010097304766532034,0.007328201085329056,0.03839323716578566,1.0,0.0,1.0,1.0
46,94208,377.4065990419775,254,0.4375,0.49607837082461076,0.0,1.0,790.5,452.1999004864994,189.0,1788.0,1.9334438890218735,0.09549669083207846,0.001577013754285872,0.00475999474292621,0.029920948471843963,1.0,0.0,1.0,1.0
47,96256,373.16311196772756,259,0.4375,0.49607837082461076,0.0,1.0,725.875,480.2034562297527,189.0,1788.0,1.9350510984659195,0.09432652313262224,0.014185260981321335,0.00047043706217664294,0.012029975871709873,1.0,0.0,1.0,1.0
48,98304,372.56250930871215,265,0.375,0.4841229182759271,0.0,1.0,554.0625,328.90376038250156,189.0,1225.0,1.9330433905124664,0.10884089674800634,-0.013468912220560014,0.005994117440422997,0.03777882275678868,1.0,0.0,1.0,1.0
49,100352,365.72262218560144,270,0.3125,0.46351240544347894,0.0,1.0,566.1875,342.7368193581629,189.0,1225.0,1.9318366050720215,0.08038341253995895,-0.0007278586272150278,0.0031934688886394724,0.022883528030973797,1.0,0.0,1.0,1.0
50,102400,376.085812315201,276,0.4375,0.49607837082461076,0.0,1.0,534.3125,308.422947984987,189.0,1207.0,1.922201007604599,0.07747116219252348,-0.0027440897320047952,0.003169182236888446,0.020213430497553246,1.0,0.0,1.0,1.0
51,104448,368.40232482078744,281,0.4375,0.49607837082461076,0.0,1.0,515.0625,312.53849137946196,189.0,1207.0,1.9302963465452194,0.055107031017541885,0.010881958180107176,0.00013502245383278932,0.006777686116613007,1.0,0.0,1.0,1.0
52,106496,373.71118005315526,287,0.5,0.5,0.0,1.0,527.125,310.5019877150547,189.0,1207.0,1.9313274174928665,0.09926704037934542,-0.0056074060121318325,0.005269668065011501,0.035342823613047185,1.0,0.0,1.0,1.0
53,108544,367.9161401799436,292,0.5,0.5,0.0,1.0,674.75,370.2825779050373,201.0,1411.0,1.9251246452331543,0.11956257373094559,-0.01996423478703946,0.011284078762400895,0.05781080138517246,1.0,0.0,1.0,1.0
54,110592,368.26968487193204,298,0.5,0.5,0.0,1.0,657.5625,378.79644414084726,188.0,1411.0,1.930191233754158,0.13295017927885056,0.010790380329126492,0.004610917647369206,0.025597041053544933,1.0,0.0,1.0,1.0
55,112640,368.3818018690351,304,0.5,0.5,0.0,1.0,829.6875,619.1164792216001,168.0,2066.0,1.9262715727090836,0.17577101662755013,-0.028060626471415162,0.010625543305650353,0.05139130256457787,1.0,0.0,1.0,1.0
56,114688,364.75242620596714,309,0.6875,0.46351240544347894,0.0,1.0,821.25,594.3889193953737,168.0,2066.0,1.9101326614618301,0.16475478559732437,-0.013628580956719816,0.009521220868919045,0.04400842655770937,1.0,0.0,1.0,1.0
57,116736,373.64685596830583,315,0.6875,0.46351240544347894,0.0,1.0,707.25,603.5198319028133,168.0,2066.0,1.934634491801262,0.12248544115573168,0.024919327348470688,0.0008258478119387291,0.015390666881740712,1.0,0.0,1.0,1.0
58,118784,370.5722732952931,320,0.6875,0.46351240544347894,0.0,1.0,732.0,589.679362026517,168.0,2066.0,1.9357970207929611,0.10909985471516848,0.012642108224099502,0.002297360471857246,0.017336677019246162,1.0,0.0,1.0,1.0
59,120832,367.7207000034204,326,0.4375,0.49607837082461076,0.0,1.0,648.375,469.9857544383659,199.0,1890.0,1.9381692558526993,0.09597020037472248,0.009478237217990682,0.002051686416962184,0.01799101442003167,1.0,0.0,1.0,1.0
60,122880,368.83834924388424,331,0.4375,0.49607837082461076,0.0,1.0,599.0625,404.3056499651594,199.0,1890.0,1.9321362227201462,0.0919351251795888,-0.00026061476819450036,0.0033129133662441745,0.02625668052356508,1.0,0.0,1.0,1.0
61,124928,372.22866141784147,337,0.375,0.4841229182759271,0.0,1.0,577.8125,460.800420294676,50.0,1890.0,1.9215288758277893,0.11469401139765978,-0.004510619124630466,0.005238870478933677,0.03828717884021262,1.0,0.0,1.0,1.0
62,126976,361.185590510981,342,0.5,0.5,0.0,1.0,612.8125,481.3357999814163,50.0,1890.0,1.8957072347402573,0.213332736864686,-0.029901558998972178,0.01824268896598369,0.07018932141913,1.0,0.0,1.0,1.0
63,129024,364.3277028369638,348,0.5625,0.49607837082461076,0.0,1.0,495.125,366.1280300318455,50.0,1340.0,1.9054885804653168,0.1536991037428379,-0.015243598667439073,0.007212062133476138,0.042292643209690964,1.0,0.0,1.0,1.0
64,131072,368.4542664776769,354,0.625,0.4841229182759271,0.0,1.0,346.625,312.0568608042451,13.0,1009.0,1.916390672326088,0.14986556582152843,-0.005108848097734153,0.007350014115218073,0.040091680206332456,1.0,0.0,1.0,1.0
65,133120,369.0464425499439,359,0.75,0.4330127018922193,0.0,1.0,315.4375,294.25795842041384,13.0,1009.0,1.9100969433784485,0.14691450633108616,0.004831793630728498,0.00502613399294205,0.0399326871934498,1.0,0.0,1.0,1.0
66,135168,374.18596365054077,365,0.75,0.4330127018922193,0.0,1.0,327.9375,288.7266156656674,13.0,1009.0,1.901606947183609,0.17520805448293686,0.006272336468100548,0.006720832549035549,0.03313327506203788,1.0,0.0,1.0,1.0
67,137216,371.28727584062415,370,0.5625,0.49607837082461076,0.0,1.0,268.875,234.55646308511731,13.0,783.0,1.8999501317739487,0.20238829217851162,0.009818773687584326,0.007351910404395312,0.039082177202114314,1.0,0.0,1.0,1.0
68,139264,366.93557220129617,376,0.5625,0.49607837082461076,0.0,1.0,352.1875,306.46252192356246,56.0,1187.0,1.903156191110611,0.17825269512832165,0.013513325684471056,0.00833801634144038,0.046631246055604335,1.0,0.0,1.0,1.0
69,141312,363.75224057629976,381,0.5625,0.49607837082461076,0.0,1.0,441.0,343.0450043361658,56.0,1187.0,1.893618568778038,0.20675472915172577,-0.01722775207599625,0.011159757850691676,0.05952623784525787,1.0,0.0,1.0,1.0
70,143360,358.06198504490004,387,0.625,0.4841229182759271,0.0,1.0,471.75,308.5768745385824,194.0,1187.0,1.8976482897996902,0.21350390650331974,-0.017445731326006353,0.01087376510258764,0.06498329396018301,1.0,0.0,1.0,1.0
71,145408,366.33149107135887,393,0.75,0.4330127018922193,0.0,1.0,397.5625,275.964211617648,83.0,957.0,1.900889828801155,0.23181876726448536,-0.02203802193980664,0.009025925653986633,0.07033313288567797,1.0,0.0,1.0,1.0
72,147456,373.0909549251009,398,0.6875,0.46351240544347894,0.0,1.0,411.25,314.1284570044554,83.0,1107.0,1.910242110490799,0.21997134760022163,0.0223132842220366,0.00525575561914593,0.03596185653236961,1.0,0.0,1.0,1.0
73,149504,369.41528606507626,404,0.75,0.4330127018922193,0.0,1.0,497.25,317.51643658242324,103.0,1107.0,1.913699522614479,0.23485285602509975,0.00916350563056767,0.006619677384151146,0.04439387463234645,1.0,0.0,1.0,1.0
74,151552,366.53682709737365,409,0.75,0.4330127018922193,0.0,1.0,493.125,346.84522394722404,124.0,1170.0,1.8935854136943817,0.2824680991470814,-0.017205746145918965,0.0121306914370507,0.06037859515279886,1.0,0.0,1.0,1.0
75,153600,368.0112973045388,415,0.75,0.4330127018922193,0.0,1.0,386.6875,328.7085941130076,62.0,1170.0,1.8989899009466171,0.2736203111708164,0.0038245755422394723,0.012596676242537796,0.05781972598161618,1.0,0.0,1.0,1.0
76,155648,369.1366173420758,421,0.75,0.4330127018922193,0.0,1.0,259.25,205.06447156930915,62.0,822.0,1.8905823230743408,0.30742939561605453,-0.005144694994669408,0.010497876559384167,0.05656220980723621,1.0,0.0,1.0,1.0
77,157696,367.9896986090012,426,0.625,0.4841229182759271,0.0,1.0,291.0,235.14782584578577,27.0,822.0,1.9006664603948593,0.2716665416955948,0.028632770525291562,0.005208823247812688,0.059719552608980736,1.0,0.0,1.0,1.0
78,159744,367.8190477507694,432,0.5625,0.49607837082461076,0.0,1.0,322.125,247.71729728664488,27.0,822.0,1.9096113294363022,0.27670859172940254,0.019600637460825965,0.005871917121112347,0.04824479386546388,1.0,0.0,1.0,1.0
79,161792,366.10926676066526,437,0.625,0.4841229182759271,0.0,1.0,405.4375,273.8564790063401,27.0,877.0,1.9157796204090118,0.22053764201700687,0.04152916371822357,0.0010340112494304776,0.027913388387024035,1.0,0.0,1.0,1.0
80,163840,361.04900506283667,443,0.625,0.4841229182759271,0.0,1.0,410.5625,257.80248465394976,33.0,877.0,1.9253298342227936,0.20246135629713535,0.023727592080831528,0.0042281767091481015,0.0314372269752517,1.0,0.0,1.0,1.0
81,165888,369.3494147315125,449,0.6875,0.46351240544347894,0.0,1.0,432.1875,244.46554428743124,83.0,877.0,1.912731647491455,0.20783744007349014,0.01596186263486743,0.004818583460291848,0.04230115489247317,1.0,0.0,1.0,1.0
82,167936,366.8699397295153,454,0.6875,0.46351240544347894,0.0,1.0,382.1875,209.92981528060753,58.0,877.0,1.9110428094863892,0.17240563593804836,0.009204825721099041,0.005686308024451137,0.03598819889456703,1.0,0.0,1.0,1.0
83,169984,368.8684584878331,460,0.75,0.4330127018922193,0.0,1.0,375.625,295.7481772978491,58.0,1264.0,1.9103125482797623,0.17314961925148964,-0.005782314998214133,0.0072471185703761876,0.048133676197843714,1.0,0.0,1.0,1.0
84,172032,368.33562963832,465,0.6875,0.46351240544347894,0.0,1.0,371.5625,299.74571905825445,58.0,1264.0,1.9130647629499435,0.166213471442461,-0.0008871640311554074,0.0069986688904464245,0.04985163714412775,1.0,0.0,1.0,1.0
85,174080,361.78299947260984,471,0.8125,0.3903123748998999,0.0,1.0,310.4375,319.6529306822479,47.0,1264.0,1.9051328897476196,0.19691593199968338,-0.01848938560578972,0.011126624420285225,0.053449600566425844,1.0,0.0,1.0,1.0
86,176128,370.8067370787545,476,0.75,0.4330127018922193,0.0,1.0,319.625,313.8855036076053,47.0,1236.0,1.9173368513584137,0.19185000099241734,0.01142920320853591,0.007330054824706167,0.038976547719233215,1.0,0.0,1.0,1.0
87,178176,374.60411553070776,482,0.6875,0.46351240544347894,0.0,1.0,395.625,358.5508811521734,47.0,1236.0,1.9191578775644302,0.16683094203472137,0.012885121162980795,0.004735633701784536,0.04106598335044792,1.0,0.0,1.0,1.0
88,180224,365.78860800406073,488,0.6875,0.46351240544347894,0.0,1.0,424.875,347.5341485019853,77.0,1236.0,1.9229640513658524,0.16210326738655567,0.006332584220217541,0.0046753366477787495,0.03651424235419373,1.0,0.0,1.0,1.0
89,182272,367.4269464761798,493,0.75,0.4330127018922193,0.0,1.0,450.6875,353.8754580975488,63.0,1126.0,1.9067099690437317,0.17860990576446056,0.003324778866954148,0.004565610492136329,0.03574488991837381,1.0,0.0,1.0,1.0
90,184320,364.6051909902697,499,0.9375,0.24206145913796356,0.0,1.0,460.3125,320.7276334271028,63.0,1089.0,1.899112269282341,0.22597788646817207,-0.019207665172871202,0.011009132838808,0.0622791136007738,1.0,0.0,1.0,1.0
91,186368,365.8774936561939,504,0.9375,0.24206145913796356,0.0,1.0,364.0625,244.443876163323,97.0,934.0,1.8937142044305801,0.2105672750622034,-0.0012283622490940616,0.01084219478070736,0.057554910516008584,1.0,0.0,1.0,1.0
92,188416,367.2254003920236,510,0.75,0.4330127018922193,0.0,1.0,295.5625,262.3573347435707,59.0,934.0,1.8898970484733582,0.18979408964514732,0.002358677127631381,0.005813093448523432,0.05345051200910263,1.0,0.0,1.0,1.0
93,190464,367.186549157527,516,0.75,0.4330127018922193,0.0,1.0,259.125,222.54799341939707,59.0,934.0,1.8983418494462967,0.2448412012308836,-0.01544550433754921,0.013407025136984885,0.06871913017550906,1.0,0.0,1.0,1.0
94,192512,366.2624201107997,521,0.75,0.4330127018922193,0.0,1.0,240.75,211.0774443184302,73.0,934.0,1.913378044962883,0.19921579211950302,0.011411923391278833,0.0048139219579752535,0.03693014268597477,1.0,0.0,1.0,1.0
95,194560,368.9497669134583,527,0.5625,0.49607837082461076,0.0,1.0,221.9375,117.74414462617663,73.0,473.0,1.8857451230287552,0.2416246272623539,0.0009697324203443713,0.011760037043131888,0.056959917649501396,1.0,0.0,1.0,1.0
96,196608,365.00524808456834,532,0.5625,0.49607837082461076,0.0,1.0,248.1875,124.98910890053581,93.0,473.0,1.888603538274765,0.23809233494102955,0.008558387722587213,0.009047221683431417,0.05374371704742576,1.0,0.0,1.0,1.0
97,198656,366.4542179585606,538,0.5625,0.49607837082461076,0.0,1.0,354.5625,279.3389448210722,96.0,1335.0,1.8968216329813004,0.21064496599137783,-0.003087611112277955,0.006797226204071194,0.04505852958427485,1.0,0.0,1.0,1.0
98,200704,364.0537533909916,544,0.8125,0.3903123748998999,0.0,1.0,308.875,285.5104803242781,71.0,1335.0,1.8851308822631836,0.29461104422807693,-0.040899374056607485,0.018032055348157883,0.11038857646276243,1.0,0.0,1.0,1.0
99,202752,368.26647982538117,549,0.875,0.33071891388307384,0.0,1.0,294.8125,194.84423867220195,71.0,766.0,1.914035052061081,0.222805293276906,0.016878384805750102,0.004707694984972477,0.052750261765978086,1.0,0.0,1.0,1.0
100,204800,363.5745239909799,555,0.8125,0.3903123748998999,0.0,1.0,363.9375,279.88802867173507,49.0,1039.0,1.8841961473226547,0.27439310774207115,-0.03318837587721646,0.012265688739717007,0.06910429408989291,1.0,0.0,1.0,1.0
101,206848,366.1062240364674,560,0.8125,0.3903123748998999,0.0,1.0,216.9375,157.05471528658413,49.0,698.0,1.8751502633094788,0.28580518439412117,-0.023403569124639034,0.014337621629238129,0.056985201969926166,1.0,0.0,1.0,1.0
102,208896,362.62400408506016,566,0.8125,0.3903123748998999,0.0,1.0,248.375,216.40381090683223,55.0,981.0,1.8726646453142166,0.3295789808034897,-0.010901865462074056,0.014230266562663019,0.05846184249699811,1.0,0.0,1.0,1.0
103,210944,363.5653526606541,572,0.9375,0.24206145913796356,0.0,1.0,198.6875,222.39231066687086,31.0,981.0,1.850593462586403,0.37523723393678665,-0.01322713330591796,0.014218930155038834,0.07135153177312042,1.0,0.0,1.0,1.0
104,212992,361.6645229915972,577,0.875,0.33071891388307384,0.0,1.0,117.8125,68.82969812333917,23.0,267.0,1.8072472959756851,0.4227447472512722,-0.01968826439406257,0.01621661300305277,0.09757886364096559,1.0,0.0,1.0,1.0
105,215040,368.99864526206215,583,0.9375,0.24206145913796356,0.0,1.0,199.625,188.4316437730139,59.0,729.0,1.8359586298465729,0.41302721574902534,-0.022616671049036086,0.014523482648655772,0.08503507066859278,1.0,0.0,1.0,1.0
106,217088,360.24428657227634,589,0.8,0.4,0.0,1.0,158.75,214.19170735581713,17.0,1035.0,1.802026093006134,0.4909275434911251,-0.03158275689929724,0.014361807378008962,0.07843476726313708,1.0,0.0,1.0,1.0
107,219136,360.3790390711329,594,1.0,0.0,1.0,1.0,115.5,61.136118620664824,40.0,239.0,1.8061266243457794,0.48074355721473694,-0.003362313029356301,0.011198228225111961,0.07568506084847477,1.0,0.0,1.0,1.0
108,221184,359.13740275204196,600,0.8421052631578947,0.36464227527765836,0.0,1.0,167.89473684210526,232.0700653584108,35.0,1134.0,1.7783284038305283,0.5013221502304077,-0.034721710719168186,0.015503880102187395,0.11193868099346743,1.0,0.0,1.0,1.0
109,223232,365.5889481491759,606,1.0,0.0,1.0,1.0,93.66666666666667,54.199220986611564,27.0,252.0,1.780055657029152,0.4900749586522579,0.00519312615506351,0.009194500104058534,0.0771183894811322,1.0,0.0,1.0,1.0
110,225280,361.2862473807599,611,1.0,0.0,1.0,1.0,89.1,47.506736364435724,13.0,200.0,1.7442619055509567,0.5328155755996704,-0.027657935745082796,0.011649462976492941,0.07056056189909983,1.0,0.0,1.0,1.0
111,227328,364.45527573606313,617,0.8695652173913043,0.33678116053977536,0.0,1.0,127.04347826086956,155.4766802759849,33.0,770.0,1.7107401937246323,0.5463119074702263,-0.0015609038819093257,0.01252720644697547,0.08685452264658393,1.0,0.0,1.0,1.0
112,229376,359.81818914483506,623,0.8260869565217391,0.37903469074266727,0.0,1.0,93.04347826086956,50.25195497894633,34.0,200.0,1.7831990867853165,0.527154304087162,-0.0038797896704636514,0.014501157100312412,0.09126576515885532,1.0,0.0,1.0,1.0
113,231424,363.52285666307347,628,0.8947368421052632,0.30689220499185793,0.0,1.0,92.26315789473684,52.84121408348955,16.0,215.0,1.7343964725732803,0.5678774863481522,0.026639031944796443,0.008316381834447384,0.08877490341780807,1.0,0.0,1.0,1.0
114,233472,358.19428806279046,634,0.85,0.3570714214271425,0.0,1.0,101.0,58.944041259486106,36.0,279.0,1.7542993426322937,0.5257017612457275,0.01416639145463705,0.009057726012542844,0.061190300172276745,1.0,0.0,1.0,1.0
115,235520,361.6872739595222,640,1.0,0.0,1.0,1.0,79.375,45.053498291845585,19.0,177.0,1.7276115715503693,0.5477077960968018,-0.0073509649955667555,0.009351134765893221,0.05887638735374472,1.0,0.0,1.0,1.0
116,237568,364.6716875703532,645,1.0,0.0,1.0,1.0,92.38888888888889,38.511381995585104,31.0,167.0,1.7554636597633362,0.5211439728736877,0.0019460172625258565,0.009019881719723344,0.05484150866074509,1.0,0.0,1.0,1.0
117,239616,357.8407032693975,651,0.9545454545454546,0.20829889522526546,0.0,1.0,89.86363636363636,47.39897913605836,20.0,178.0,1.7681699693202972,0.5098567195236683,0.012945363676408306,0.009148369426839054,0.06670521746051616,1.0,0.0,1.0,1.0
118,241664,363.805221182553,657,0.8333333333333334,0.37267799624996495,0.0,1.0,116.54166666666667,154.21818395989783,18.0,824.0,1.7564978152513504,0.5746528431773186,-0.017606200650334358,0.015802085283212364,0.08785559895839079,1.0,0.0,1.0,1.0
119,243712,360.0532728651602,662,1.0,0.0,1.0,1.0,92.55,53.27614381690927,22.0,222.0,1.7852088660001755,0.5564564019441605,0.004969864152371883,0.00804091029567644,0.06137084799588387,1.0,0.0,1.0,1.0
120,245760,366.3301787615327,668,0.8333333333333334,0.37267799624996495,0.0,1.0,109.94444444444444,50.63208493328472,30.0,267.0,1.7819495797157288,0.5442361831665039,0.003302710741991177,0.011761328903958201,0.07680432087042932,1.0,0.0,1.0,1.0
121,247808,357.1694068227527,674,0.9375,0.24206145913796356,0.0,1.0,100.25,52.09066615047268,15.0,210.0,1.8120401501655579,0.5349520146846771,0.020678077125921845,0.010169561312068254,0.06098694107608153,1.0,0.0,1.0,1.0
122,249856,361.57697217852376,679,0.9375,0.24206145913796356,0.0,1.0,155.0625,85.62087125082294,49.0,390.0,1.8100488930940628,0.5404745787382126,0.017215750413015485,0.009139239671640098,0.06382107750199473,1.0,0.0,1.0,1.0
123,251904,362.30371886299537,685,1.0,0.0,1.0,1.0,102.6875,60.312435233125846,33.0,284.0,1.8077207654714584,0.5266963839530945,0.003033601213246584,0.008346013259142637,0.06554456981593468,1.0,0.0,1.0,1.0
124,253952,356.17346999109935,691,1.0,0.0,1.0,1.0,133.64705882352942,191.7369341131598,14.0,878.0,1.8294453024864197,0.4751730300486088,0.025552280247211456,0.0068032750859856606,0.055580742687227,1.0,0.0,1.0,1.0
125,256000,352.4854451742467,697,0.9375,0.24206145913796356,0.0,1.0,147.1875,135.7328344349664,26.0,587.0,1.8094000667333603,0.550767108798027,-0.006642193737206981,0.010544141754508018,0.07529778584974944,1.0,0.0,1.0,1.0
126,258048,360.1725987070167,702,0.9375,0.24206145913796356,0.0,1.0,111.8125,75.27301869694081,19.0,343.0,1.8108491152524948,0.5175035484135151,0.025740916840732098,0.00777309900149703,0.05939771632856284,1.0,0.0,1.0,1.0
127,260096,355.1198729694709,708,0.9375,0.24206145913796356,0.0,1.0,148.1875,82.9225683619966,14.0,343.0,1.78544782102108,0.5218568220734596,0.0034917364828288555,0.012713379110209644,0.07990863687148395,1.0,0.0,1.0,1.0
128,262144,361.660883711415,714,0.8333333333333334,0.37267799624996495,0.0,1.0,145.5,199.6973404374174,21.0,943.0,1.810643345117569,0.48240121454000473,-0.000578584527829662,0.009927232400514185,0.05874275169847625,1.0,0.0,1.0,1.0
129,264192,362.5074239469248,719,0.9090909090909091,0.28747978728803447,0.0,1.0,113.13636363636364,77.36354289066034,24.0,272.0,1.791308879852295,0.5137979388237,-0.015259204898029566,0.012483732774853706,0.07353536628812748,1.0,0.0,1.0,1.0
130,266240,365.4545943884722,725,0.9375,0.24206145913796356,0.0,1.0,86.625,51.28215454717167,23.0,190.0,1.8510317206382751,0.4736199416220188,0.023783985729096457,0.008886639843694866,0.06587137942129116,1.0,0.0,1.0,1.0
131,268288,363.0497489717985,731,1.0,0.0,1.0,1.0,133.47058823529412,58.64962529047225,42.0,277.0,1.8279323875904083,0.48656777292490005,0.0033630177786108106,0.00900691223796457,0.05614586748128876,1.0,0.0,1.0,1.0
132,270336,365.70691181960115,736,1.0,0.0,1.0,1.0,91.22222222222223,49.726536125711874,21.0,202.0,1.8649927973747253,0.42333725467324257,0.01811039203312248,0.006464958074502647,0.058456412027193316,1.0,0.0,1.0,1.0
133,272384,360.4112609950397,742,1.0,0.0,1.0,1.0,107.625,79.07502371166258,19.0,370.0,1.839377999305725,0.4611468054354191,0.01573121512774378,0.006763475539628416,0.06400814556409867,1.0,0.0,1.0,1.0
134,274432,359.3623663242351,748,1.0,0.0,1.0,1.0,93.8125,62.23365121660467,19.0,231.0,1.8423874229192734,0.4501168467104435,0.009951178595656529,0.007938664581160992,0.06292235126160789,1.0,0.0,1.0,1.0
135,276480,365.25135403407245,753,1.0,0.0,1.0,1.0,128.5,67.07551714299339,36.0,266.0,1.8490198701620102,0.43788595497608185,0.01335848483722657,0.008393818279728293,0.07119082632167156,1.0,0.0,1.0,1.0
136,278528,361.1785894561034,759,0.95,0.21794494717703372,0.0,1.0,115.55,112.22498607707642,13.0,564.0,1.8086659908294678,0.46448273211717606,-0.02868968457914889,0.011103566852398217,0.06534230171954672,1.0,0.0,1.0,1.0
137,280576,365.3189255101809,765,1.0,0.0,1.0,1.0,156.125,215.0987781810952,31.0,962.0,1.823077842593193,0.48922914639115334,0.0008512836648151278,0.009387136495206505,0.07401126946521071,1.0,0.0,1.0,1.0
138,282624,363.1908624373058,770,1.0,0.0,1.0,1.0,129.55555555555554,78.11261259818147,33.0,337.0,1.8124306052923203,0.4879784658551216,-0.008252623025327921,0.008856219938024879,0.07842202531966311,1.0,0.0,1.0,1.0
139,284672,365.38462584201807,776,0.8421052631578947,0.36464227527765836,0.0,1.0,130.68421052631578,197.80241407488032,20.0,950.0,1.8261489272117615,0.46727536618709564,0.008853066014125943,0.00958564440952614,0.07011098173518791,1.0,0.0,1.0,1.0
140,286720,363.1736798123997,781,0.9411764705882353,0.23529411764705885,0.0,1.0,95.6470588235294,49.269894371202795,32.0,200.0,1.8415088802576065,0.4197459779679775,0.011098543007392436,0.010074490623082966,0.07588569310888046,1.0,0.0,1.0,1.0
141,288768,364.2059017917032,787,0.9411764705882353,0.23529411764705885,0.0,1.0,92.41176470588235,48.05396332253417,16.0,185.0,1.8355798870325089,0.3918919041752815,0.0052523387130349874,0.008349015028215945,0.06621287934778194,1.0,0.0,1.0,1.0
142,290816,367.02871720350186,793,0.9375,0.24206145913796356,0.0,1.0,94.3125,45.16320231947686,24.0,171.0,1.8390311002731323,0.3779420480132103,0.0046201950463000685,0.008354546618647873,0.07024863415908739,1.0,0.0,1.0,1.0
143,292864,367.7233760790398,798,0.9375,0.24206145913796356,0.0,1.0,113.625,47.47219580975795,40.0,192.0,1.8411355465650558,0.38944587484002113,-0.0019087168921032571,0.006430223991628736,0.06549844641696799,1.0,0.0,1.0,1.0
144,294912,358.7306065061532,804,1.0,0.0,1.0,1.0,102.0909090909091,96.5876470037396,36.0,505.0,1.8213833421468735,0.4417850449681282,-0.02200667094439268,0.008876961539499462,0.06693147400632563,1.0,0.0,1.0,1.0
145,296960,366.16406005460277,810,0.9473684210526315,0.22329687826943603,0.0,1.0,80.3157894736842,37.66899134018931,27.0,168.0,1.842044860124588,0.44904759898781776,0.0011304125073365867,0.007861525868065655,0.07899248231028658,1.0,0.0,1.0,1.0
146,299008,361.20190204735337,815,1.0,0.0,1.0,1.0,150.55,238.8559136801934,31.0,1162.0,1.8183931708335876,0.5319612175226212,-0.014686104143038392,0.007337690505664796,0.08348626291480729,1.0,0.0,1.0,1.0
147,301056,359.63018649081414,821,1.0,0.0,1.0,1.0,163.625,254.89038698036455,21.0,1138.0,1.840082660317421,0.4748753644526005,0.001439823565306142,0.008824237564112991,0.06476469169261731,1.0,0.0,1.0,1.0
148,303104,364.99159990293447,827,0.75,0.4330127018922193,0.0,1.0,207.125,245.2913764790764,56.0,1138.0,1.8406648933887482,0.44665518030524254,0.03677361202426255,0.009057766757905483,0.07234749605367399,1.0,0.0,1.0,1.0
149,305152,361.60190408636413,832,0.875,0.33071891388307384,0.0,1.0,114.75,63.35761595893583,20.0,232.0,1.8358720242977142,0.43245379999279976,0.018514640629291534,0.006560509034898132,0.061109606722819336,1.0,0.0,1.0,1.0
150,307200,353.33659820481427,838,0.8235294117647058,0.3812200410828153,0.0,1.0,140.52941176470588,87.30751443103031,24.0,342.0,1.7996715158224106,0.41816558316349983,-0.0045503049332182854,0.00911427428945899,0.087785203143313,1.0,0.0,1.0,1.0
151,309248,362.29360303141254,844,0.9411764705882353,0.23529411764705885,0.0,1.0,104.29411764705883,106.82463072767351,17.0,475.0,1.8408349305391312,0.39089640229940414,-0.004479126393562183,0.008818291244097054,0.06732296885849345,1.0,0.0,1.0,1.0
152,311296,361.46559686062005,849,1.0,0.0,1.0,1.0,144.75,109.89057056908932,48.0,536.0,1.8346816897392273,0.3878488689661026,0.014926739502698183,0.0066084551508538425,0.05497279643454367,1.0,0.0,1.0,1.0
153,313344,365.0604250576664,855,0.9375,0.24206145913796356,0.0,1.0,88.6875,40.567411104851146,26.0,165.0,1.8353877663612366,0.38391732051968575,-0.015195500753179658,0.008126424625515938,0.06123925786194802,1.0,0.0,1.0,1.0
